edad,presion_sistolica,presion_diastolica,frecuencia_cardiaca,glucosa,temperatura,nivel_triaje,comorbilidades,riesgo_reingreso
60,117,74,83,117,36.8,3,2,0
36,113,75,79,148,37.2,4,1,1
69,133,84,93,148,35.8,2,0,0
72,130,94,89,89,36.5,3,1,0
20,100,71,40,112,37.2,4,0,0
32,145,88,88,60,36.7,5,0,0
57,123,74,65,108,37.6,3,1,0
49,105,68,59,77,35.8,4,3,0
55,146,85,77,98,35.7,4,1,0
40,136,91,86,60,37.2,2,1,0
71,102,65,55,119,37.2,4,3,0
69,157,99,91,60,36.6,4,1,0
56,137,89,91,110,36.9,4,3,1
75,125,88,81,62,37.1,5,0,0
63,154,97,67,75,36.2,1,1,1
40,128,79,65,145,36.3,2,0,1
62,124,86,95,126,36.8,2,1,1
38,113,76,57,145,37.2,2,4,1
71,135,82,96,160,36.0,3,2,1
54,134,83,78,78,36.6,5,1,0
52,125,79,79,157,36.6,3,0,0
43,111,71,54,60,37.0,4,3,1
77,127,71,78,131,36.7,3,1,0
52,124,68,89,88,36.4,3,0,0
47,101,57,60,72,37.4,4,4,0
49,99,56,87,127,36.4,4,1,0
65,135,80,81,138,36.5,3,1,1
62,80,53,70,137,35.7,5,0,0
62,129,79,93,113,36.3,3,0,0
63,116,73,47,110,37.0,2,2,0
94,149,85,85,123,36.9,3,1,1
48,116,69,104,116,37.1,4,4,0
46,137,88,102,124,37.0,3,0,0
40,118,77,86,112,38.0,4,1,1
66,127,74,75,134,36.3,3,2,0
75,138,87,70,60,35.7,3,1,0
53,117,86,75,100,36.1,5,1,0
40,143,89,88,60,36.3,3,1,0
40,107,62,68,115,36.1,3,2,0
67,130,80,91,162,36.8,2,3,1
68,142,89,112,88,37.5,3,0,1
65,137,84,79,109,37.6,3,1,1
43,159,98,60,131,37.0,2,1,0
59,111,60,60,60,38.0,3,0,0
57,100,56,92,87,36.5,2,0,1
59,107,65,79,118,35.7,2,4,0
71,137,84,93,60,37.3,3,0,1
59,134,80,72,71,35.6,3,0,0
67,127,78,92,144,36.2,4,1,0
56,105,65,78,140,37.0,4,0,1
60,139,92,69,118,36.6,3,0,1
66,103,63,74,136,36.6,2,0,1
29,146,93,62,113,36.0,3,0,0
49,176,106,110,124,36.7,2,1,1
47,132,85,79,94,37.3,3,2,0
44,135,86,90,109,36.7,4,0,0
50,116,77,72,83,36.2,4,1,0
82,92,61,64,149,36.0,3,1,0
39,114,74,76,158,36.2,5,0,0
72,105,65,97,153,36.9,2,1,1
25,99,63,72,91,36.9,5,1,0
49,156,103,67,72,36.2,4,0,0
58,130,77,82,150,35.4,3,1,1
66,132,78,87,124,37.0,2,0,1
68,119,75,105,117,36.2,2,3,1
69,122,78,85,83,37.1,5,4,1
49,142,83,90,120,36.2,2,3,1
47,124,76,91,67,36.1,5,0,0
70,135,83,63,127,36.8,3,2,0
52,121,62,66,153,38.1,3,1,0
32,119,72,64,162,37.1,4,0,0
35,100,61,60,130,36.8,2,3,0
38,89,54,92,60,36.9,3,2,1
64,120,83,84,112,35.6,5,0,1
58,126,71,81,180,36.0,2,4,1
67,102,58,41,75,35.2,5,0,0
47,124,61,111,103,37.7,5,1,0
58,126,75,67,154,37.6,1,0,0
66,86,51,111,127,36.9,3,0,0
49,109,65,58,192,36.8,2,4,0
63,132,88,68,79,35.8,4,1,1
43,132,87,47,70,36.6,5,0,0
48,104,65,85,148,37.8,5,2,0
48,128,77,63,63,36.8,5,3,0
33,143,95,64,98,36.4,2,3,1
64,139,86,59,103,35.6,3,3,0
47,123,71,92,141,37.5,2,3,0
55,117,62,91,126,36.7,5,1,0
64,114,68,107,121,35.6,2,0,0
63,133,87,70,91,36.1,2,3,0
67,129,94,83,148,35.9,1,0,1
53,136,85,61,246,36.6,2,0,1
47,127,74,75,129,36.8,2,1,0
54,140,80,72,108,36.4,1,0,0
25,127,82,87,60,37.2,5,1,0
29,139,76,95,83,36.7,4,3,0
31,141,91,95,98,37.3,3,1,0
37,111,74,67,86,36.5,4,1,0
62,92,60,95,104,38.5,3,1,0
39,153,94,79,167,36.4,4,2,0
48,130,84,75,149,36.2,3,0,0
78,94,59,69,99,36.1,3,0,1
49,112,65,72,63,36.6,3,1,0
68,139,97,106,152,35.7,2,1,0
38,120,72,85,103,36.9,3,1,1
51,116,77,83,60,35.6,4,0,0
38,150,78,76,130,36.8,4,0,1
49,106,73,117,141,35.9,3,2,0
70,111,78,100,60,36.5,3,1,0
24,129,80,69,76,37.1,4,1,1
63,132,85,76,101,38.1,1,3,0
59,134,86,77,131,36.1,1,2,1
44,141,84,82,87,36.6,3,0,0
29,129,83,69,76,36.3,2,2,0
56,134,78,87,130,36.2,3,0,0
45,120,71,102,89,36.3,2,0,0
59,126,85,60,124,37.2,3,2,1
55,127,85,63,66,36.4,4,0,0
84,129,76,73,60,38.0,4,0,0
51,139,82,73,131,36.9,4,3,1
37,135,80,110,114,36.1,3,2,1
58,126,83,95,137,36.5,5,3,1
59,110,62,94,86,36.2,4,3,0
79,126,80,76,77,37.2,3,0,0
70,124,81,76,153,35.7,2,1,0
61,128,79,58,60,35.9,4,1,0
81,165,108,92,149,36.3,3,2,1
34,116,70,87,151,37.1,4,0,0
43,133,81,99,135,37.4,4,0,0
38,144,83,77,81,37.5,5,0,0
48,127,85,78,76,37.0,5,2,0
30,167,99,83,98,36.7,4,0,0
66,118,75,93,60,37.2,5,1,0
51,131,81,58,71,36.0,5,3,0
29,111,63,91,128,35.6,1,2,1
37,119,70,80,128,37.0,4,1,0
61,129,88,64,68,36.1,2,0,0
70,140,88,49,129,36.7,3,3,0
91,131,75,78,121,36.8,3,1,1
99,148,94,102,158,36.8,3,1,1
62,123,75,105,125,37.3,1,3,1
37,119,95,85,142,37.2,2,0,1
17,174,110,109,122,36.8,1,1,0
60,132,80,79,139,36.4,4,0,0
40,112,78,94,60,36.8,5,0,0
48,113,59,73,101,36.3,5,1,0
44,108,68,72,104,36.6,3,2,0
52,142,100,70,96,38.3,3,0,1
74,118,72,49,121,36.8,5,2,0
58,127,68,99,127,37.0,2,2,1
52,124,75,70,119,36.3,5,3,0
36,138,94,68,99,37.3,4,0,1
25,110,70,62,79,37.2,3,2,0
46,106,61,77,143,37.2,2,0,0
54,129,76,106,117,36.8,1,2,1
87,136,81,111,69,37.3,3,1,1
57,131,83,55,98,37.5,3,2,0
73,110,76,75,60,36.9,4,0,0
46,137,91,64,106,36.6,4,1,0
34,112,72,95,98,37.2,3,0,0
38,116,64,84,85,36.2,2,0,0
42,108,59,70,160,36.3,3,1,0
93,148,95,81,65,36.7,2,0,1
40,136,76,73,130,35.7,4,2,0
70,136,83,104,182,37.2,4,2,0
39,147,93,88,143,36.1,4,1,0
72,176,102,90,104,36.4,3,2,1
62,94,52,40,65,36.6,3,2,0
52,112,69,79,60,36.7,4,3,0
54,114,74,111,91,36.5,4,0,0
43,110,75,100,81,36.7,4,1,0
63,106,69,52,80,36.7,3,2,0
47,120,75,75,94,36.4,5,0,0
33,103,59,62,101,36.2,2,0,0
32,131,75,106,122,37.3,3,0,0
58,126,75,84,62,35.4,4,1,0
83,134,86,68,81,36.6,2,1,0
58,134,85,81,99,36.4,4,2,0
53,136,72,41,98,37.0,3,1,0
60,118,68,64,169,35.8,2,2,1
79,163,108,81,113,36.4,1,0,1
59,129,80,93,60,36.6,4,2,0
48,91,50,51,120,37.3,4,2,0
75,107,80,74,124,36.9,3,0,0
63,94,58,95,101,36.0,2,0,0
83,125,80,58,63,36.4,2,0,0
58,123,79,83,167,37.2,2,3,1
33,117,70,81,68,36.0,4,0,0
30,161,95,106,128,36.7,2,0,1
85,135,96,77,112,36.7,2,0,0
86,138,92,77,126,36.5,1,0,0
52,108,72,93,165,38.3,3,1,1
48,107,70,60,125,36.5,4,2,0
81,126,72,77,85,37.0,4,1,0
35,128,87,73,144,36.2,3,2,1
39,92,52,78,83,37.0,5,0,0
67,122,77,93,111,37.2,3,1,0
48,125,68,88,60,36.3,5,2,0
55,121,63,69,69,36.7,4,2,0
52,110,70,82,107,36.2,2,3,0
61,115,66,102,118,36.0,4,0,0
80,122,64,68,60,37.3,3,1,0
57,127,82,82,122,36.4,4,2,0
67,136,97,77,76,35.3,2,0,0
18,144,98,79,150,37.8,3,2,0
54,120,73,56,93,36.2,5,0,0
40,117,73,101,66,36.6,2,0,0
33,133,88,68,108,37.7,1,2,1
39,136,91,95,73,36.6,3,2,0
49,117,70,71,149,36.6,3,3,1
71,139,86,71,105,36.0,4,3,1
31,143,90,98,100,35.7,4,0,0
56,148,95,95,126,36.6,5,1,0
46,157,97,83,70,36.9,3,4,1
49,109,67,91,60,36.9,3,0,0
73,125,86,76,119,36.4,2,1,0
65,125,85,80,67,36.7,2,3,1
79,123,79,70,66,35.6,4,0,0
52,113,80,94,134,37.0,2,3,1
42,98,58,70,123,36.8,2,1,0
51,127,88,102,61,37.9,5,3,0
59,111,72,75,83,36.7,3,1,0
58,127,98,80,73,36.1,1,2,1
35,111,62,91,167,36.7,4,2,0
57,105,61,80,137,36.5,3,0,0
59,129,82,76,90,37.0,5,1,0
99,128,82,80,125,36.7,4,3,1
89,135,95,93,60,35.9,1,4,0
40,164,98,70,81,35.7,2,4,0
50,130,86,78,109,36.9,3,1,0
29,134,90,80,121,37.5,4,1,0
44,106,70,93,102,36.7,3,1,0
61,102,57,79,114,37.2,4,1,0
77,153,103,107,108,37.3,3,1,1
42,108,74,78,99,36.9,3,0,0
43,106,69,76,95,36.2,2,0,0
16,124,78,77,90,36.8,2,1,1
52,123,78,60,113,37.4,3,0,0
36,109,67,64,119,37.0,3,0,0
45,120,78,72,112,37.1,5,0,0
39,147,91,97,64,36.4,2,2,0
53,110,63,80,70,36.6,4,4,0
23,100,56,73,119,36.6,2,1,0
29,142,84,98,157,36.7,4,3,1
93,134,84,103,110,37.4,1,3,1
32,114,71,99,91,35.3,4,0,0
35,97,61,67,113,36.7,2,0,1
88,112,72,73,65,36.7,2,0,1
99,124,73,107,151,35.9,3,0,1
34,146,99,84,112,37.1,3,1,1
48,106,64,76,82,36.3,3,0,0
61,123,74,91,99,36.5,3,3,0
86,137,88,95,87,37.8,5,1,1
37,82,50,71,151,37.3,3,1,0
51,144,85,83,98,37.0,3,4,1
69,104,70,94,110,36.9,5,4,1
63,131,71,63,125,36.6,4,2,0
48,129,87,80,79,37.9,3,2,1
53,145,99,63,112,37.2,3,4,1
30,135,81,65,115,36.3,2,1,0
51,82,53,72,60,35.9,3,3,0
50,111,76,87,114,37.0,3,0,1
59,127,76,75,103,36.7,4,1,0
45,121,80,70,110,35.8,4,1,0
63,134,79,81,106,37.0,2,0,1
73,139,83,63,114,36.5,2,0,0
58,136,80,86,152,37.0,3,0,1
61,121,77,97,64,37.0,3,0,0
56,92,64,79,93,36.3,3,0,0
55,117,71,77,128,37.1,4,1,0
42,132,74,86,122,36.4,3,2,0
61,105,59,50,121,36.4,5,1,0
53,136,87,88,201,36.4,3,2,0
93,141,98,127,126,37.4,2,0,1
83,127,81,78,145,36.5,3,2,1
62,80,50,78,94,37.5,4,0,1
41,102,68,91,70,37.8,3,0,0
35,159,97,105,94,36.3,3,1,0
76,115,69,95,130,34.9,3,3,0
60,89,50,48,119,37.3,4,4,1
64,147,100,88,119,36.5,5,2,0
24,125,62,119,97,36.2,3,2,1
72,145,95,89,92,36.3,2,1,0
63,130,78,63,99,36.5,3,2,0
35,133,80,84,130,37.5,3,0,1
47,132,92,61,134,36.8,5,0,0
60,138,81,98,70,37.5,3,4,1
56,166,99,66,132,37.0,4,4,1
50,142,87,81,82,36.5,5,0,0
53,97,63,67,121,36.5,4,0,0
50,133,80,72,98,37.0,2,0,0
58,146,81,102,160,37.2,4,1,1
81,147,86,82,90,37.3,3,0,1
9,117,80,72,111,36.5,3,1,0
51,146,91,63,126,36.8,5,0,0
58,142,91,52,74,37.1,3,0,0
60,171,104,61,102,36.5,3,0,0
48,111,65,82,96,36.0,2,2,1
23,116,82,95,87,36.2,2,0,0
61,119,73,72,90,36.6,4,1,0
86,116,69,104,144,37.1,4,2,1
27,109,74,69,84,37.5,4,2,0
71,80,50,76,125,35.9,3,0,0
49,117,69,64,116,36.3,1,2,0
54,132,82,95,60,36.5,3,0,0
36,116,72,111,123,37.2,3,1,0
49,160,101,54,60,36.4,4,1,0
78,125,90,75,127,36.4,4,3,1
65,148,94,99,87,35.9,5,4,1
86,130,66,58,105,37.0,4,2,1
76,140,89,89,60,36.6,3,3,0
63,130,81,98,109,36.3,4,0,0
86,150,93,81,137,36.5,4,2,1
63,126,80,88,77,37.4,5,0,0
70,134,83,106,84,36.1,3,0,0
50,132,82,109,121,36.2,4,1,0
56,120,78,79,122,37.5,3,2,1
42,132,79,72,60,36.7,4,2,0
73,165,97,66,176,37.1,5,3,1
34,120,93,95,123,36.9,5,1,0
69,133,78,59,129,36.7,2,3,1
52,148,92,76,100,36.5,2,3,0
76,146,82,82,60,37.2,4,2,1
69,125,78,72,129,37.4,4,0,0
88,82,50,84,85,37.4,5,1,0
68,134,80,118,124,36.0,3,2,1
27,85,59,78,97,37.5,4,4,0
54,151,96,73,113,36.5,4,0,0
34,128,83,95,78,36.2,2,0,0
46,143,78,84,135,36.6,2,0,0
82,109,79,102,63,37.2,4,0,0
66,97,53,82,184,37.0,2,2,1
42,130,90,76,183,36.5,4,0,0
37,124,83,53,162,37.2,3,1,0
56,116,75,56,150,36.8,3,2,1
33,127,74,52,102,36.4,3,1,0
43,175,109,86,146,36.3,5,0,0
61,140,84,60,102,36.9,4,1,0
76,144,89,99,60,36.7,4,1,1
66,140,85,80,158,35.9,4,4,0
14,152,82,76,145,37.2,3,2,0
60,122,82,67,104,36.4,5,4,1
56,88,54,89,62,37.7,3,0,0
62,122,73,68,84,35.9,3,2,0
84,140,83,65,60,36.6,3,1,1
18,108,69,98,138,36.3,3,2,1
44,122,70,85,60,36.1,4,1,0
66,113,57,76,115,36.4,3,0,0
27,152,97,90,75,37.8,4,0,1
82,138,89,80,60,36.8,5,2,1
62,137,84,86,113,36.2,3,2,1
70,136,77,68,93,35.6,2,0,0
45,124,77,111,134,35.7,4,1,1
70,129,71,71,61,36.4,1,2,0
74,104,58,103,78,36.3,4,1,0
59,86,50,77,60,36.6,3,0,0
59,128,84,92,60,35.3,3,3,0
60,131,79,91,168,36.6,3,1,1
39,147,88,97,178,37.3,3,2,1
52,153,107,67,108,37.7,3,2,0
52,153,97,96,76,35.6,3,2,0
62,107,68,108,95,36.2,3,0,0
73,119,72,76,136,36.2,5,3,1
36,134,80,81,87,36.8,2,0,1
53,171,93,72,113,36.0,3,2,1
82,152,100,75,105,37.7,2,3,1
42,145,93,106,85,36.7,3,2,1
40,118,72,65,87,36.6,2,1,0
59,109,67,66,115,37.7,4,0,0
70,139,91,104,71,36.7,2,1,0
55,105,56,89,121,36.9,4,1,0
79,121,71,112,88,36.2,3,0,1
70,123,69,73,109,35.9,3,0,0
70,154,106,82,153,36.3,2,4,1
65,119,79,70,99,38.0,4,0,0
97,81,50,82,137,37.1,5,0,0
51,134,74,53,60,36.9,2,0,0
19,112,69,90,89,36.1,5,1,0
84,126,75,85,106,37.2,3,1,1
47,123,68,79,172,35.9,3,2,0
57,120,86,74,60,35.8,4,1,0
79,139,88,67,102,36.4,2,0,0
26,97,63,91,156,37.9,3,1,0
32,116,68,62,78,37.8,1,0,0
26,137,89,88,98,36.4,4,2,0
41,114,68,111,117,36.3,3,0,0
63,96,58,102,111,35.7,5,0,0
64,137,89,57,160,36.7,3,1,0
60,145,80,72,121,36.8,5,0,0
30,124,86,86,151,37.2,2,1,0
13,90,57,79,92,37.2,4,1,0
56,138,93,59,79,36.6,3,4,0
47,95,52,86,97,37.0,2,0,0
63,131,76,80,64,36.3,2,1,0
68,109,61,109,122,37.0,4,2,1
57,104,66,76,91,36.4,2,0,0
69,117,73,98,81,37.0,3,1,0
59,122,73,61,122,36.9,5,3,0
65,113,64,65,65,36.7,3,2,1
42,136,77,91,132,37.2,1,3,1
52,117,72,96,88,35.8,2,2,1
59,143,86,66,146,36.1,2,1,0
70,130,76,80,91,36.5,3,3,0
48,112,79,59,127,35.8,4,0,0
64,109,67,77,111,36.5,3,1,0
50,95,67,93,131,36.5,2,2,0
53,130,77,73,109,37.5,4,3,1
70,119,75,76,60,36.8,3,3,1
19,82,51,63,140,37.3,3,0,0
32,115,61,70,102,36.9,5,2,0
28,109,76,106,133,36.4,3,0,0
13,153,94,81,129,36.8,3,2,0
43,94,63,65,78,37.1,4,2,0
68,99,57,75,73,37.4,4,0,0
50,145,89,56,128,36.6,4,2,0
59,149,87,65,94,35.7,4,1,0
75,112,77,100,138,35.7,3,1,1
79,114,73,78,99,36.5,3,4,1
54,136,87,108,141,35.3,4,2,0
79,83,60,79,120,37.8,4,1,0
57,91,63,79,115,37.1,4,0,0
40,120,79,90,92,36.3,3,0,0
44,153,86,40,113,36.0,4,0,0
28,117,68,83,147,37.3,2,0,0
39,127,73,79,103,36.0,2,0,0
49,145,94,102,124,36.1,3,1,1
69,163,102,94,107,36.2,3,2,0
86,115,63,63,109,36.8,4,0,0
30,125,76,99,165,37.1,2,1,0
62,158,89,76,147,37.4,4,3,1
36,98,60,66,108,37.3,3,0,0
64,143,79,83,113,36.7,2,2,1
53,107,70,77,80,37.3,3,0,0
22,127,81,103,99,36.3,3,1,0
72,121,86,85,116,35.6,4,2,0
44,108,72,83,135,36.3,3,0,1
45,107,64,94,131,36.2,2,0,0
36,130,86,96,66,36.3,3,3,1
43,143,80,92,139,36.1,2,0,1
63,123,70,101,102,36.4,1,2,1
52,126,80,89,70,37.1,5,1,0
61,135,71,83,152,37.7,2,0,1
62,108,67,99,156,35.7,2,2,1
79,138,79,79,114,35.9,5,1,0
49,140,87,80,130,36.2,4,0,0
28,172,100,106,132,37.2,3,3,1
74,118,76,104,154,36.6,4,1,1
49,117,73,80,130,36.3,5,2,0
75,139,95,73,60,37.1,2,0,0
62,140,87,102,175,37.3,2,0,1
53,115,67,92,142,36.7,5,2,0
61,118,72,85,87,36.2,4,2,0
90,135,76,75,69,36.9,5,0,0
92,110,71,85,123,36.6,3,2,0
56,118,77,80,95,36.6,5,1,0
58,127,94,70,117,36.4,3,0,1
74,143,85,82,131,37.3,4,2,1
40,114,69,84,85,36.8,5,1,0
61,92,54,74,66,37.3,2,1,0
55,91,58,94,119,37.5,2,2,1
61,102,66,99,86,37.0,3,1,1
40,101,62,95,110,36.4,4,3,0
26,122,82,76,60,37.3,1,2,0
18,104,61,91,96,37.0,5,1,0
35,112,75,81,130,38.3,3,1,0
47,111,72,61,126,36.9,3,4,0
50,117,72,90,77,37.1,3,3,1
90,149,90,82,64,36.9,5,0,0
75,137,100,119,106,36.6,2,0,1
38,125,73,102,125,36.5,3,1,0
61,117,74,91,119,36.9,2,3,1
48,117,68,84,87,37.0,5,3,0
50,131,92,82,115,37.4,4,2,1
58,136,90,65,158,36.9,2,0,0
66,109,64,54,112,36.4,3,3,0
49,126,81,67,60,36.5,3,0,0
74,88,56,79,112,35.9,3,1,1
34,129,77,48,177,37.7,4,1,1
55,139,91,72,60,36.4,3,1,0
99,120,77,76,106,37.3,3,1,1
59,158,99,77,97,36.9,4,0,0
81,109,67,70,108,36.9,3,0,0
57,129,83,75,112,36.6,2,2,0
65,124,78,106,145,36.2,2,0,1
54,123,77,90,108,36.1,3,1,0
52,123,72,72,150,37.7,4,0,0
41,127,89,79,101,36.8,2,0,0
63,140,80,80,93,37.4,3,0,0
40,150,96,68,82,37.5,3,2,1
67,125,76,68,60,36.5,4,1,0
75,140,97,95,115,37.0,1,0,0
62,112,64,74,177,36.7,3,2,0
50,139,82,64,121,36.0,1,0,0
63,111,63,79,129,36.6,3,2,0
49,145,92,82,91,37.1,1,0,0
72,165,94,50,96,36.4,3,3,1
22,123,73,79,139,36.5,4,0,0
49,86,50,93,175,36.6,2,1,1
19,115,73,87,157,38.0,4,1,0
28,147,88,113,133,35.6,3,1,0
80,135,75,99,106,37.0,3,2,1
71,129,86,102,112,36.5,3,0,0
42,143,81,122,79,36.3,3,1,0
28,134,88,91,60,36.5,4,3,0
2,147,87,82,66,37.1,4,3,0
45,142,98,95,107,37.1,4,1,0
99,152,99,72,95,36.8,3,1,0
63,131,75,82,60,37.4,4,2,0
45,141,82,70,104,37.5,2,2,1
63,119,77,86,94,37.2,3,3,0
27,114,69,70,64,36.4,1,2,0
50,156,96,70,92,37.0,2,1,0
57,129,88,86,94,37.0,4,1,0
53,139,82,78,83,36.2,5,1,0
69,127,79,51,137,35.8,1,0,0
61,114,76,58,60,35.5,3,2,0
67,125,82,63,60,36.7,4,1,0
43,151,93,67,105,36.9,5,0,0
71,135,82,86,108,36.0,4,2,1
84,94,50,83,119,37.3,2,0,0
38,121,69,96,86,36.8,2,0,1
39,157,99,91,73,37.5,4,1,0
79,121,74,96,105,36.9,2,2,0
52,93,58,89,90,36.1,5,1,0
80,159,105,83,159,37.0,5,0,1
47,137,78,96,94,37.1,5,1,0
81,124,75,94,103,36.4,3,0,0
57,118,74,86,192,35.8,4,3,1
60,144,85,99,98,36.8,4,0,1
83,115,80,45,124,36.1,1,3,1
48,146,96,76,128,37.4,3,0,1
38,135,85,75,131,36.5,2,0,0
47,129,91,97,115,37.7,3,1,0
63,128,70,104,112,35.4,5,2,0
27,122,76,58,109,36.8,4,3,0
66,144,91,101,85,37.6,3,1,1
45,109,62,62,116,36.2,3,1,0
76,96,61,63,176,36.6,2,0,1
12,136,78,76,147,36.5,3,1,0
41,136,88,75,116,36.3,1,1,1
25,134,89,57,135,36.8,4,3,0
40,132,83,90,75,35.9,4,1,0
59,119,63,90,96,36.6,4,2,0
52,139,80,96,138,37.0,5,2,1
50,124,80,73,157,36.6,2,0,0
52,116,72,79,78,36.1,4,1,0
59,119,58,80,88,37.3,2,3,1
37,161,107,105,181,37.1,3,1,1
68,94,59,40,108,36.1,3,1,0
67,134,78,66,169,35.9,1,3,1
62,95,65,80,112,36.1,2,0,0
65,123,72,64,114,37.0,3,3,0
60,117,68,76,94,36.9,2,1,1
92,87,56,78,138,37.2,5,1,0
53,132,93,70,153,36.5,3,0,0
49,118,83,81,69,36.1,3,1,0
41,87,56,89,93,37.3,5,0,0
36,140,90,76,137,36.4,3,0,0
33,151,98,73,100,36.8,3,1,0
39,152,87,78,88,35.8,5,0,0
54,131,85,80,140,36.4,2,1,0
61,126,74,54,144,37.3,2,0,1
56,149,94,87,89,36.3,3,0,0
41,155,95,73,112,37.2,3,0,0
71,145,93,99,63,35.3,4,1,0
68,108,68,89,74,36.4,1,0,1
52,129,62,98,109,36.6,4,0,0
43,133,84,65,106,37.7,4,1,0
65,92,61,74,71,36.0,5,2,0
58,133,85,61,80,37.1,2,2,1
29,166,102,69,68,37.3,2,0,0
54,137,95,99,121,36.3,5,3,0
60,152,96,102,60,36.5,4,1,0
39,128,82,63,70,36.8,1,1,0
58,124,83,73,60,35.8,1,0,0
29,132,84,79,120,36.4,4,0,0
79,110,63,89,60,37.5,3,1,0
77,108,52,54,106,37.0,3,0,1
50,148,89,56,162,36.6,5,2,1
62,150,98,87,164,36.8,2,0,0
12,107,64,51,60,37.0,2,0,0
34,142,93,73,115,37.2,4,0,0
50,123,77,82,70,36.4,5,0,0
36,131,89,86,63,37.6,3,1,1
68,133,81,78,101,37.5,4,0,1
91,143,91,75,148,37.1,2,1,1
34,126,81,93,126,36.2,2,0,1
40,150,102,84,80,36.1,5,1,0
59,131,71,70,130,36.5,2,3,1
84,136,82,81,60,36.7,1,3,0
33,110,73,86,79,35.6,4,1,0
59,164,111,106,76,37.0,3,1,0
88,133,84,92,108,37.5,3,2,0
25,138,84,98,98,37.0,4,3,0
32,96,64,71,100,36.3,2,1,0
47,110,73,72,99,36.2,4,0,0
46,147,89,76,106,36.9,3,2,0
70,130,83,78,124,36.6,2,0,0
59,91,64,65,110,37.0,4,2,0
23,144,101,99,95,37.1,3,0,0
64,115,76,93,119,37.4,5,0,1
45,150,93,75,134,36.0,5,2,0
78,123,76,90,86,36.8,4,2,0
44,129,83,83,103,36.5,3,1,0
44,146,90,91,146,36.6,2,2,0
65,109,69,60,66,37.2,5,3,0
69,107,60,78,168,37.3,3,1,1
63,121,83,79,60,37.5,4,4,0
25,140,80,89,93,37.0,4,1,0
65,101,60,71,72,36.6,3,0,0
36,95,59,43,182,36.5,2,2,1
59,140,99,64,87,35.7,4,1,0
29,114,68,79,87,37.5,3,3,1
63,118,69,81,92,36.5,3,0,0
40,92,54,105,108,37.0,3,0,0
32,113,80,89,94,37.1,4,0,0
68,125,61,81,100,36.0,3,1,1
59,142,82,80,60,36.1,2,2,0
44,111,85,97,107,37.6,4,1,0
81,155,100,71,106,36.9,4,0,1
47,113,63,78,141,36.4,5,1,0
56,113,70,64,151,36.6,2,0,0
60,153,95,101,98,37.4,5,1,1
44,129,85,86,134,37.3,4,2,0
63,115,82,69,66,35.8,4,0,0
45,122,78,78,132,37.7,3,1,0
48,149,89,88,85,37.3,1,1,0
80,151,98,76,64,36.6,3,0,0
36,110,64,72,99,36.0,3,1,1
12,124,71,70,154,37.3,3,1,1
84,127,68,85,111,37.0,5,1,1
99,107,57,75,157,35.8,2,0,1
48,124,72,73,79,36.6,5,0,0
20,125,70,60,142,38.6,3,2,1
49,146,92,81,82,36.7,4,0,0
50,147,84,77,113,36.3,3,2,1
52,119,55,75,113,36.1,4,1,0
35,121,69,83,128,37.8,3,1,1
65,137,82,91,114,37.2,5,2,0
64,114,67,91,79,37.5,2,1,0
28,136,93,88,136,36.8,2,0,0
68,123,73,76,166,37.5,5,0,1
92,108,72,71,85,36.2,2,2,1
58,108,67,64,60,36.8,4,1,0
49,151,93,71,122,36.9,1,2,0
52,122,71,80,93,37.5,1,1,1
66,155,96,68,100,36.9,3,1,0
24,116,67,81,124,36.3,3,0,0
58,130,82,66,89,36.7,3,0,0
48,168,103,55,96,35.7,3,2,0
88,106,60,92,101,35.3,4,0,0
52,91,62,73,156,37.2,5,3,0
85,148,94,67,106,36.5,3,0,0
35,110,66,64,62,36.5,3,1,0
66,125,78,86,63,37.2,3,0,0
61,114,70,101,110,37.5,4,2,0
39,130,75,74,65,37.0,3,0,0
58,108,67,77,60,37.9,4,1,0
77,122,72,96,127,37.0,3,3,1
49,133,77,53,129,36.9,4,1,1
25,107,57,110,92,36.8,4,0,0
55,112,67,117,115,35.9,3,2,0
39,119,77,40,112,37.3,3,1,0
49,99,57,79,126,35.2,3,0,0
54,117,88,69,126,36.3,3,1,0
24,127,84,76,60,36.7,3,2,0
26,118,81,74,97,36.2,4,1,0
64,120,79,92,123,36.4,3,2,1
46,125,89,78,91,37.8,2,2,1
9,113,65,66,106,37.4,2,1,0
69,137,70,77,131,36.3,3,0,0
60,151,91,88,108,36.4,5,2,0
42,117,76,62,158,35.9,3,1,0
31,134,84,55,144,37.1,3,0,0
70,121,77,110,101,36.6,3,0,0
61,132,90,70,98,35.5,5,3,0
98,153,97,78,60,36.8,4,0,1
63,134,88,74,94,37.0,2,0,0
62,93,52,88,60,37.3,4,0,1
52,133,76,107,113,36.7,4,0,0
70,147,101,89,110,36.5,4,4,1
66,121,76,57,129,37.9,3,1,0
78,143,85,59,154,36.7,4,2,1
46,113,66,74,104,37.1,3,2,0
47,98,57,76,185,36.4,2,1,0
46,128,75,54,113,37.1,1,2,1
69,93,50,92,60,35.8,3,4,0
82,121,66,64,85,36.4,1,2,1
47,148,91,102,92,36.0,3,2,0
47,91,53,107,126,36.3,4,1,0
61,102,70,76,72,37.5,4,2,0
51,106,67,87,95,36.3,1,0,0
72,124,78,62,99,37.1,1,2,0
14,118,69,89,89,37.6,4,1,0
40,150,92,73,133,36.7,3,1,0
41,142,90,64,127,37.3,2,3,1
13,134,87,76,146,37.0,4,1,1
38,128,79,73,93,36.8,2,0,0
39,132,88,75,147,37.2,1,2,0
51,109,68,94,60,37.8,4,3,0
75,140,92,68,60,36.3,4,1,0
51,105,62,106,63,36.1,3,3,0
36,140,76,60,105,36.1,4,2,0
54,146,92,104,147,37.3,5,3,1
74,129,84,65,84,37.4,1,0,0
37,122,79,80,88,36.4,4,1,0
39,132,84,73,97,35.4,2,2,0
65,80,50,75,125,36.3,3,3,0
51,130,76,92,88,37.0,3,0,0
67,123,80,102,86,36.7,3,0,0
55,124,79,98,60,36.8,2,0,0
68,138,82,74,85,36.4,4,2,0
36,124,84,83,146,37.3,3,3,0
55,104,59,68,108,36.9,5,1,1
51,122,72,65,79,37.1,3,0,0
33,126,88,63,148,36.8,4,0,0
27,127,84,73,85,37.0,3,3,1
67,128,77,84,155,37.0,3,0,1
49,144,91,51,154,36.1,4,0,0
37,105,66,79,107,36.9,4,0,0
53,128,63,103,60,37.2,3,2,0
75,148,86,97,185,37.4,3,1,1
14,94,58,71,119,36.9,3,0,0
28,128,77,59,94,36.1,3,0,0
38,114,72,87,138,36.2,3,4,0
81,118,80,45,130,36.4,4,1,0
60,109,66,97,151,36.8,3,1,1
69,122,69,77,82,36.6,3,0,0
34,158,100,107,116,36.0,4,0,0
35,102,61,54,63,36.0,5,2,0
63,104,64,94,128,35.4,3,2,0
56,102,61,78,104,34.8,2,1,0
65,156,110,75,115,36.6,2,3,0
52,117,59,59,100,38.1,4,1,0
60,125,75,89,96,37.8,3,3,1
58,118,73,90,75,36.1,3,0,0
69,108,62,107,133,36.8,2,0,0
70,121,80,95,157,35.8,5,3,1
26,169,110,71,86,35.9,3,3,0
15,150,93,65,124,36.0,4,2,0
73,110,67,59,120,36.6,2,2,0
76,137,84,102,105,36.6,2,2,0
37,110,68,68,60,36.9,1,2,0
22,93,57,102,60,37.1,3,0,0
57,143,88,88,78,36.5,3,1,0
72,146,92,85,60,36.7,2,2,0
87,144,94,75,154,36.0,3,1,0
64,117,65,90,118,35.9,1,3,1
48,122,69,80,104,35.8,3,1,0
39,138,75,74,60,37.1,2,0,0
55,132,87,90,60,36.5,2,0,0
50,118,75,78,105,35.6,1,2,1
37,96,63,68,174,36.7,4,0,0
92,127,70,89,81,36.0,5,3,1
87,144,100,79,135,37.7,4,0,0
75,103,60,87,88,36.4,2,1,1
38,136,85,73,107,37.1,5,2,0
70,131,86,62,148,37.4,5,1,1
67,139,80,106,93,36.1,3,2,1
63,141,84,103,81,36.7,2,0,1
77,112,71,93,155,37.0,4,1,1
66,96,77,74,107,36.8,5,1,0
68,115,73,75,143,36.9,4,3,1
66,141,97,101,81,35.9,4,0,0
61,115,79,75,154,37.0,4,0,1
23,113,72,71,115,36.4,5,2,0
57,92,51,108,120,36.9,1,4,1
45,157,104,79,110,37.3,2,2,1
32,140,78,107,87,37.1,4,2,1
85,139,96,59,105,36.9,2,1,1
86,142,89,88,90,37.1,3,1,0
79,135,68,111,139,37.1,3,3,1
60,121,73,80,98,37.6,2,3,1
79,122,80,76,60,36.7,1,2,1
55,117,71,62,60,36.8,3,2,0
59,172,111,96,60,37.3,3,3,1
35,135,79,68,127,36.4,3,0,0
62,117,65,79,65,35.9,3,0,0
56,133,82,61,116,37.0,5,4,0
32,107,67,103,110,36.6,3,1,0
54,152,92,97,103,36.0,5,0,0
54,113,77,80,120,37.0,3,1,0
87,134,78,63,111,37.6,1,1,1
71,144,91,103,60,35.7,4,2,0
55,132,82,75,94,37.3,4,2,0
59,127,69,63,120,35.2,1,0,0
56,125,70,54,162,36.5,4,1,1
51,124,77,70,164,37.8,4,0,1
36,115,83,58,60,36.5,2,3,0
52,117,76,71,93,36.8,3,0,0
42,152,84,91,60,37.2,2,1,0
32,123,58,74,158,35.7,1,1,0
64,111,73,85,140,36.7,5,1,0
62,116,71,69,117,36.7,3,1,1
23,145,97,81,111,37.8,4,2,0
53,137,80,109,153,36.0,4,1,0
73,135,86,75,147,36.5,5,0,0
74,120,79,86,146,36.1,3,1,1
73,135,81,57,121,36.1,3,1,0
56,113,68,103,93,37.4,3,0,0
40,120,75,73,132,36.7,4,2,0
35,142,91,96,134,36.4,3,0,1
61,141,87,78,98,36.4,4,2,0
62,107,72,89,93,36.4,3,0,0
78,110,65,90,145,36.4,2,2,0
75,127,71,73,163,35.9,5,0,0
53,156,109,96,79,36.5,4,1,0
33,91,53,69,96,36.5,3,0,0
49,130,77,92,117,36.2,4,1,0
59,100,62,74,122,36.8,3,0,0
51,114,71,85,87,36.8,4,2,0
45,118,71,73,171,36.4,3,1,1
60,117,72,81,120,36.6,3,4,0
46,115,71,64,124,38.0,1,2,0
44,125,79,84,167,38.0,2,1,0
61,115,57,81,89,36.1,4,2,0
48,99,73,72,102,36.2,3,0,0
59,139,85,79,61,36.1,1,1,1
60,139,90,82,99,37.3,2,1,1
34,140,79,71,60,36.5,3,2,0
46,97,57,78,131,36.8,4,0,0
81,130,77,65,120,37.9,3,1,1
34,137,94,115,95,36.7,4,2,1
17,106,62,96,101,37.1,5,1,0
21,125,82,84,132,37.0,3,0,0
56,123,72,98,65,36.3,4,1,0
56,158,95,50,112,37.3,2,2,1
53,160,98,42,129,36.2,3,0,0
77,95,67,74,60,37.5,2,1,0
7,170,94,59,129,36.3,1,4,1
62,109,60,76,60,36.4,1,3,0
83,143,77,83,101,36.0,2,0,0
35,142,82,94,64,36.1,4,1,0
48,107,61,63,155,36.4,3,0,0
41,134,73,86,65,35.2,5,3,0
39,123,72,80,60,36.6,3,1,0
49,135,72,85,110,36.4,4,1,1
81,129,74,72,91,37.2,2,0,0
88,147,98,101,60,37.0,3,1,1
49,126,81,78,123,36.3,3,0,0
89,122,77,107,60,36.4,5,2,0
56,145,84,68,69,36.6,5,1,0
87,135,74,91,85,37.6,2,1,1
53,138,79,79,133,36.2,4,2,0
57,113,70,75,150,36.3,4,0,0
62,106,71,89,144,36.0,3,0,0
99,115,77,76,100,35.8,2,1,0
70,114,74,40,60,36.9,4,2,0
42,139,82,40,119,36.8,4,0,0
72,143,89,99,156,37.5,3,2,1
48,122,74,98,148,37.3,3,1,1
46,151,92,108,121,38.1,2,1,1
71,150,105,80,63,36.7,5,1,0
56,129,69,61,87,36.5,2,0,0
60,110,67,74,173,35.9,2,0,0
55,153,102,80,60,37.1,3,2,1
61,124,68,65,65,36.8,4,1,0
63,127,75,105,138,37.1,4,1,1
20,119,71,114,90,36.0,1,3,0
67,109,66,87,64,36.9,2,0,0
37,99,52,80,158,36.8,4,1,0
29,136,88,61,121,36.8,3,1,0
54,111,73,103,92,36.3,1,0,0
57,180,115,81,65,37.4,5,4,1
43,105,60,76,177,37.9,2,4,1
70,102,64,87,104,36.0,3,0,1
31,134,78,71,154,37.1,2,3,1
48,153,93,82,136,35.0,4,0,0
44,126,91,58,87,37.1,4,4,0
54,135,84,96,87,35.6,3,2,0
60,92,50,78,156,36.4,4,0,1
37,113,71,97,156,35.9,5,1,0
68,106,58,77,60,36.6,4,2,0
56,91,50,78,124,37.2,3,0,0
21,127,72,62,101,35.6,3,1,0
20,85,50,91,69,36.5,5,1,0
55,101,68,67,114,36.4,1,0,0
51,115,75,73,60,37.6,1,0,0
53,110,71,80,89,37.0,2,0,0
54,132,75,82,77,36.0,4,2,0
59,131,78,54,88,36.4,2,1,1
72,141,89,77,102,37.6,3,1,1
35,139,82,92,69,37.1,4,0,0
34,146,89,74,160,36.1,2,0,1
35,125,80,77,122,36.5,3,2,0
60,130,79,82,168,36.6,3,0,1
77,134,84,78,99,36.4,2,2,1
47,128,89,65,86,35.7,5,1,0
10,118,72,79,167,36.3,2,2,1
24,119,81,95,85,37.5,4,1,0
40,110,72,64,99,36.5,3,2,0
45,133,74,74,130,36.6,2,0,0
48,123,70,59,62,36.8,2,3,0
56,113,65,94,130,38.0,3,0,0
49,113,65,79,125,36.7,3,0,0
74,103,63,67,149,37.4,2,1,0
43,143,92,81,136,36.3,5,0,0
39,126,86,62,150,36.5,3,1,0
64,109,69,64,101,36.7,5,2,0
27,140,84,58,75,36.2,2,2,0
62,115,59,64,179,36.6,2,1,0
57,100,62,100,60,37.2,3,4,0
52,143,89,69,60,36.2,3,1,0
84,115,72,87,125,36.7,2,0,0
44,118,86,67,162,37.1,2,2,1
92,126,86,91,112,36.2,1,0,1
51,146,95,65,140,37.4,4,0,0
32,125,72,81,60,36.7,3,0,0
56,103,61,81,88,36.6,5,0,0
36,135,83,115,60,35.5,2,0,0
41,116,67,89,132,36.5,3,0,0
62,159,102,71,60,36.9,3,1,1
65,125,80,90,60,37.7,3,2,0
44,85,50,112,123,37.0,5,3,1
73,131,88,56,142,37.4,4,0,1
76,160,100,67,99,36.0,1,0,1
81,153,84,76,125,36.6,3,1,1
65,158,98,74,124,37.4,4,0,0
80,107,68,75,97,36.2,1,1,1
21,141,93,60,67,37.3,3,1,0
49,112,67,101,125,37.1,3,2,0
39,129,85,59,126,36.9,3,0,0
57,102,64,77,136,36.5,3,2,1
45,113,62,96,116,36.1,3,1,0
52,113,62,80,64,37.8,5,3,0
89,141,94,65,129,37.1,3,0,0
52,139,93,60,105,36.9,5,2,0
62,130,83,77,88,36.5,4,2,0
51,101,72,69,95,36.7,3,0,1
56,119,80,83,81,36.8,3,1,1
55,112,74,59,136,36.9,3,2,1
63,141,82,92,60,37.1,4,0,0
76,146,101,82,70,36.2,2,1,1
85,144,92,83,93,35.8,5,1,1
61,111,67,102,161,36.8,3,2,1
66,80,50,73,142,35.7,4,0,0
34,93,59,69,60,36.5,3,1,0
53,151,84,72,152,36.4,3,0,1
72,118,77,77,152,37.0,4,1,0
71,111,63,79,64,37.9,4,2,1
59,155,98,68,60,35.5,2,1,0
71,148,89,50,102,38.1,3,1,1
64,125,76,72,144,36.6,3,0,0
77,120,70,85,161,36.9,4,0,1
60,123,75,82,75,35.9,3,2,0
49,129,91,98,166,37.3,2,0,1
61,154,104,109,60,36.7,4,2,1
2,133,85,91,92,36.7,3,2,0
62,138,85,101,90,35.5,3,3,0
1,146,96,92,145,36.7,4,0,1
24,104,71,106,150,37.2,4,1,0
63,139,81,108,138,36.6,4,0,1
64,120,74,94,60,37.4,2,3,1
34,80,50,91,135,37.4,2,2,1
42,87,61,77,123,36.3,4,1,0
80,107,79,79,60,37.7,2,2,1
46,135,84,75,60,36.7,2,0,0
95,127,66,89,141,36.7,2,1,1
55,128,83,69,99,36.8,3,2,0
62,160,94,77,60,36.7,5,0,0
84,102,59,45,98,35.1,2,4,0
57,125,81,106,118,36.6,3,3,0
37,130,82,77,102,35.9,5,4,0
53,112,67,87,60,37.7,5,2,0
54,126,74,102,171,37.7,2,0,1
30,96,60,85,140,37.2,5,1,1
50,150,91,102,93,36.6,2,0,1
42,113,63,61,95,36.1,4,2,0
72,162,98,116,118,36.3,1,0,1
56,124,79,96,65,37.9,3,3,1
50,144,88,83,116,36.3,2,0,0
53,124,68,101,60,35.3,4,0,0
59,124,83,62,103,37.3,1,0,0
66,114,54,76,64,37.6,3,2,0
37,127,76,102,66,37.7,4,0,1
36,131,77,52,163,37.3,1,0,0
75,111,70,88,107,37.4,5,0,0
48,123,80,88,112,36.7,3,0,0
29,114,77,110,60,35.5,2,3,0
63,166,99,56,84,36.7,2,1,1
63,123,80,104,121,37.1,3,0,0
27,153,96,72,112,36.6,2,0,0
59,121,65,73,60,36.6,3,0,0
68,130,92,62,112,36.1,4,1,0
62,101,54,64,118,36.1,3,0,1
66,117,75,86,150,37.8,3,0,0
30,129,82,63,82,37.8,4,0,1
61,154,97,91,60,36.7,3,0,1
50,129,77,70,70,36.9,4,2,0
46,150,98,62,67,36.1,5,0,0
71,137,76,72,131,37.1,2,2,1
82,154,95,85,60,37.8,4,1,0
87,124,73,76,89,35.8,5,3,0
79,168,100,81,155,37.0,3,0,0
53,116,74,90,105,37.0,5,2,1
61,111,75,96,136,37.0,3,3,0
69,103,62,75,60,37.7,3,4,0
57,167,108,64,60,37.9,3,2,0
57,140,87,81,155,36.6,1,0,1
70,119,68,87,109,37.1,5,3,0
54,147,90,58,109,36.8,2,2,0
42,137,83,67,66,36.3,5,0,0
48,160,95,69,109,36.9,4,0,0
66,97,63,77,65,37.1,5,3,0
55,120,76,69,147,36.8,5,0,0
61,117,63,91,200,36.2,3,2,0
67,89,50,56,122,36.4,5,1,0
48,144,92,56,83,36.4,4,2,0
69,120,70,75,60,36.2,3,0,0
62,138,87,77,60,36.9,4,2,0
33,167,108,58,159,37.0,2,1,1
81,119,66,71,69,37.3,1,3,1
46,117,64,74,92,36.2,3,0,0
25,127,89,74,128,36.4,3,0,0
36,143,91,82,157,37.6,2,0,1
37,115,69,70,98,36.6,3,0,0
56,114,65,102,91,36.7,4,4,1
50,144,86,87,108,36.6,4,0,0
49,132,75,68,83,37.4,5,0,0
66,88,60,81,85,37.4,5,2,0
61,103,59,82,119,37.4,5,0,0
61,152,101,98,111,36.7,4,0,0
62,132,79,71,180,36.2,2,2,1
66,111,63,92,120,37.9,5,1,1
17,122,73,81,145,37.2,2,2,0
48,125,62,102,68,36.4,2,1,0
16,138,85,99,123,37.6,3,0,0
56,101,62,83,80,36.4,3,1,0
55,110,73,76,119,37.5,4,3,0
74,130,69,88,129,37.6,1,1,1
76,123,83,77,107,36.1,4,2,0
59,135,89,105,189,37.0,2,1,1
46,103,71,81,155,37.2,3,1,0
64,131,81,74,146,38.3,3,2,1
45,145,96,73,132,36.3,3,0,0
55,134,74,62,167,37.6,4,1,1
73,128,84,88,60,36.7,1,0,0
45,123,72,68,153,36.0,2,2,0
70,110,58,96,70,36.6,1,1,0
67,124,70,61,85,36.7,4,0,1
38,148,92,82,125,36.1,5,0,0
73,123,71,97,148,36.9,4,3,1
68,109,70,48,65,37.3,3,0,0
57,116,61,110,87,36.8,5,0,1
41,129,67,74,108,36.4,3,0,0
40,118,81,82,98,36.6,1,1,0
45,134,89,89,135,36.7,3,0,0
65,134,77,91,225,36.8,3,2,1
38,141,87,84,120,37.4,3,2,1
63,151,100,95,79,36.9,3,0,1
33,143,91,88,60,35.9,3,1,0
51,108,68,106,94,36.4,3,0,0
57,109,74,88,72,36.8,3,0,0
99,124,72,109,121,37.4,2,1,1
30,117,73,94,121,37.5,5,0,0
81,105,65,53,89,37.8,4,3,1
58,117,71,119,174,36.8,1,1,1
62,116,70,71,79,37.2,2,0,0
57,113,70,102,101,35.8,2,4,1
63,119,74,80,127,37.0,1,1,1
52,146,84,96,136,36.1,1,0,0
81,129,85,70,150,36.7,2,1,0
47,169,99,89,120,38.5,4,4,1
75,128,78,76,142,36.9,4,1,0
43,120,73,104,82,36.2,4,1,0
54,125,80,87,137,36.9,4,1,0
36,130,68,94,137,36.4,4,0,0
63,133,88,48,158,36.1,4,0,0
81,162,96,79,60,38.0,5,1,0
54,110,76,86,73,37.3,4,3,0
51,140,84,83,134,36.9,4,2,1
35,129,80,94,60,36.5,4,0,0
51,97,72,75,122,36.5,3,1,0
26,139,85,81,142,37.6,2,0,1
39,148,99,98,85,36.9,2,0,0
59,110,68,46,90,34.9,3,2,0
79,125,80,89,67,38.2,2,0,1
99,94,59,75,87,36.8,2,2,0
44,102,68,66,88,36.9,1,1,0
81,144,85,85,81,37.4,3,2,0
59,117,67,98,79,37.0,5,3,0
52,105,61,96,96,37.1,3,2,0
63,129,81,78,95,36.4,2,3,0
56,116,71,93,171,36.0,3,2,0
57,117,77,93,91,36.9,3,1,1
48,138,93,79,117,37.6,4,0,0
30,104,59,70,85,36.3,4,0,0
27,109,63,70,84,36.3,1,3,0
67,128,71,93,60,37.4,3,0,0
50,142,100,79,60,36.4,1,3,1
44,147,93,64,63,36.5,4,0,0
55,113,73,55,111,36.5,5,2,0
69,142,80,92,143,36.7,5,0,1
58,111,69,72,60,35.8,2,4,0
43,158,101,85,86,36.4,4,0,0
77,105,64,99,60,36.8,4,1,0
83,149,99,60,96,36.8,5,3,0
64,113,84,79,143,37.4,3,0,0
73,161,94,77,89,37.8,3,0,1
77,136,78,86,103,37.6,2,3,1
75,107,61,99,156,37.2,1,2,1
66,116,82,60,121,36.6,4,0,0
66,139,92,89,78,36.3,3,1,0
64,144,88,95,111,36.7,2,0,1
35,124,77,77,76,37.1,4,0,0
68,126,73,78,120,37.2,3,1,1
31,139,92,86,123,37.1,5,0,0
41,127,76,85,60,36.6,4,1,0
78,102,62,89,111,37.2,5,0,0
70,110,72,88,101,37.5,4,3,0
82,129,79,65,124,37.2,2,1,1
50,147,90,95,134,36.7,1,0,1
34,154,96,98,122,36.2,5,3,1
51,139,91,83,94,36.2,2,2,0
57,130,90,58,138,36.3,3,0,0
56,138,89,78,74,36.9,4,4,1
75,113,75,83,60,37.0,2,0,0
48,122,74,63,60,35.9,2,0,0
61,110,64,75,103,36.4,3,1,0
37,103,68,59,76,36.8,3,0,0
63,131,82,89,119,36.2,4,2,0
55,128,71,82,60,37.0,1,1,1
42,137,83,55,82,36.5,3,3,1
51,135,83,85,121,36.3,2,0,0
52,129,77,79,69,36.7,4,0,0
50,135,93,88,119,36.9,2,1,1
87,124,80,74,86,36.2,2,0,0
53,132,90,68,104,36.6,4,3,0
51,112,71,68,126,37.0,2,2,1
17,132,82,72,138,36.2,4,2,1
39,137,79,80,108,35.7,3,2,0
50,113,70,82,77,35.8,2,0,0
43,126,78,77,89,36.4,3,0,0
80,114,62,74,127,35.9,5,1,0
52,116,69,75,69,36.5,3,2,0
78,105,63,118,99,37.7,2,0,1
56,148,94,68,91,35.9,3,0,0
56,144,92,72,101,36.5,3,2,1
53,135,80,129,70,38.0,4,0,1
55,160,102,86,60,36.9,5,1,0
86,122,75,59,123,36.5,3,0,1
13,180,94,93,139,36.6,3,1,0
19,121,72,66,60,37.0,3,1,0
45,130,87,94,118,37.7,5,3,0
55,118,63,77,143,36.4,3,2,0
67,132,83,73,126,36.2,2,0,0
64,140,96,104,90,35.9,5,2,0
48,123,72,88,72,36.8,5,2,0
73,157,97,95,108,35.9,3,2,0
74,129,72,87,114,36.4,3,3,1
58,130,90,73,108,36.2,4,2,0
72,109,67,89,99,37.3,4,0,0
60,133,83,98,67,36.4,3,1,0
45,123,84,82,120,36.9,3,0,0
68,114,75,107,121,35.7,3,1,0
57,111,64,93,112,36.8,3,4,1
55,173,103,83,109,36.0,2,1,0
82,120,77,84,164,36.4,4,0,1
11,99,58,82,83,38.0,2,3,0
29,112,57,61,150,37.3,3,2,0
34,124,77,79,79,36.6,4,0,0
48,135,75,83,144,38.6,3,3,1
50,135,93,74,148,36.2,3,0,0
28,137,86,85,95,37.4,5,1,0
37,113,65,80,163,35.8,2,1,0
40,131,77,92,121,36.6,5,3,0
99,109,56,90,74,35.9,1,0,0
87,114,64,83,92,36.9,3,0,1
48,108,73,59,145,36.7,4,2,0
48,104,78,107,137,36.5,3,3,1
34,144,94,78,68,37.4,3,0,0
21,137,84,79,100,36.4,2,0,0
53,143,86,75,112,36.9,3,3,0
37,126,72,73,87,37.2,2,2,1
53,139,99,103,188,35.8,4,0,1
26,93,57,101,113,36.3,3,1,1
41,141,100,87,103,36.7,3,1,0
58,128,88,78,147,37.1,1,2,0
62,136,74,89,92,37.6,3,1,0
63,132,78,81,140,36.6,3,2,1
31,107,62,77,60,36.5,3,0,0
70,98,60,85,89,36.2,4,2,1
41,112,69,73,142,36.9,1,0,0
66,135,102,84,160,36.5,2,3,1
55,137,78,83,78,36.5,4,0,0
30,100,63,89,74,36.6,2,0,0
49,107,70,71,125,37.0,2,0,0
62,112,69,91,83,36.4,4,0,0
66,119,74,66,96,36.2,4,1,0
52,100,56,71,136,37.0,1,2,1
83,99,62,72,86,34.9,2,3,0
73,110,71,64,60,36.3,3,1,0
50,127,81,95,60,36.0,3,1,0
69,104,68,65,105,37.4,3,0,0
90,123,85,70,60,36.4,4,2,0
90,144,95,99,95,36.4,4,0,0
33,102,64,71,60,36.7,5,0,0
38,121,68,77,162,36.3,3,0,0
82,143,85,65,181,36.5,2,0,1
36,117,71,92,68,36.8,3,1,1
31,115,73,93,114,36.4,2,0,0
46,146,88,91,71,36.4,3,0,0
63,119,68,88,94,36.1,5,2,0
53,145,83,81,168,36.0,3,0,1
43,133,73,72,89,36.7,2,1,0
43,119,72,68,95,36.9,3,1,0
42,134,74,99,72,35.8,5,3,0
39,131,75,91,145,37.2,2,2,1
96,143,86,70,60,37.2,4,0,1
60,115,63,81,90,37.3,4,3,0
71,126,80,75,103,36.9,3,1,1
46,124,81,63,82,37.1,4,0,0
52,138,82,83,135,38.0,3,2,1
42,107,64,74,147,36.5,3,2,1
7,143,92,66,60,36.1,3,0,0
30,133,78,58,178,35.8,2,1,1
22,101,58,57,60,37.8,4,0,0
15,147,98,74,150,37.8,4,1,0
33,165,108,79,110,36.1,3,4,1
79,143,92,67,87,36.3,3,1,1
54,151,99,90,91,36.5,2,4,0
78,127,67,79,104,37.4,2,0,1
62,95,67,89,112,35.9,4,2,0
69,92,59,77,73,35.5,2,3,0
39,130,87,68,97,38.0,4,2,0
64,114,73,82,78,36.9,3,0,0
68,109,68,61,62,37.0,4,0,0
45,124,75,88,76,36.6,3,0,0
65,136,87,66,65,37.0,3,1,0
65,99,60,94,90,35.8,4,4,0
45,117,78,75,120,36.2,3,1,0
35,152,85,96,109,36.8,2,0,0
34,106,62,63,174,35.3,5,0,0
57,141,100,70,60,36.5,3,1,0
61,116,68,86,121,36.5,2,1,1
41,135,82,98,105,36.5,3,0,0
55,145,85,105,134,36.4,3,2,1
65,138,88,81,130,36.1,4,0,1
66,141,83,108,99,35.6,4,1,0
83,104,63,76,111,36.8,3,1,1
78,145,95,96,79,36.5,2,0,1
37,110,64,66,126,35.9,3,1,0
85,130,85,86,60,36.7,2,2,1
45,130,86,45,132,36.5,4,1,0
74,134,89,63,104,36.4,2,2,0
56,131,82,87,88,35.4,4,1,1
48,110,88,60,97,37.1,3,0,1
22,101,69,86,99,36.0,4,4,0
52,141,89,94,150,36.7,1,3,1
27,128,74,72,218,36.2,2,0,1
72,146,90,65,148,36.5,5,3,0
82,124,85,73,85,37.4,3,2,1
41,100,72,66,127,37.0,3,0,0
60,142,97,78,129,37.4,4,1,1
42,118,78,82,73,36.9,5,0,0
44,131,74,75,61,36.9,3,1,0
69,113,73,105,103,35.6,5,3,0
54,155,89,69,133,36.5,2,1,1
86,109,59,101,60,36.6,5,1,0
46,119,75,64,80,37.4,2,0,0
73,127,82,81,125,36.4,3,1,0
57,105,71,98,106,36.9,2,2,0
69,131,84,97,155,36.8,4,0,0
47,154,99,74,60,37.4,5,1,0
54,116,66,88,187,36.6,3,1,0
53,132,81,86,60,37.2,3,2,0
40,80,50,72,60,35.7,3,2,0
67,124,65,89,103,35.7,2,2,1
67,119,78,108,65,35.3,4,1,0
66,110,64,87,104,37.2,1,1,1
83,144,95,88,102,37.1,5,2,0
81,119,80,90,98,37.2,5,2,0
48,122,72,58,76,36.3,2,1,0
62,118,77,87,120,36.4,3,3,1
44,90,52,65,94,36.6,5,0,0
55,105,54,71,144,37.6,5,0,0
44,142,89,112,99,37.7,4,4,1
84,87,51,76,71,37.2,1,0,0
62,111,66,69,60,36.9,1,3,0
51,118,85,97,99,37.5,4,1,0
76,156,88,66,61,36.5,3,3,0
16,139,88,73,60,36.5,4,1,0
19,115,65,99,123,36.6,4,2,0
69,148,97,81,60,36.1,3,2,1
56,112,71,57,154,36.6,2,1,1
60,143,91,88,111,36.0,3,1,0
31,101,57,74,103,37.3,5,0,0
55,144,85,103,69,37.0,3,0,0
91,118,79,71,132,37.6,1,4,1
70,106,76,96,105,35.7,5,0,0
58,121,78,107,81,37.8,4,2,0
47,130,75,67,112,35.8,3,1,0
48,116,74,77,60,36.0,4,0,0
17,135,98,86,60,36.3,3,4,0
60,115,72,67,66,37.5,5,0,0
70,136,93,84,117,36.8,5,1,0
27,133,78,77,105,36.6,3,1,0
43,124,77,76,142,36.2,3,0,0
34,117,76,81,73,35.9,3,0,0
38,128,82,81,125,37.4,4,2,0
56,135,79,82,101,37.2,4,0,0
17,162,96,71,72,37.5,3,2,1
66,142,94,72,118,36.9,5,1,1
69,143,96,78,103,35.1,3,0,1
50,181,121,79,83,36.0,4,0,0
10,134,94,73,106,37.0,4,0,0
37,134,84,85,100,36.5,3,2,0
77,138,84,53,100,36.4,1,1,0
5,107,74,69,91,36.0,4,0,0
49,117,77,76,60,37.3,4,1,0
34,116,66,67,108,37.0,2,1,0
69,137,79,104,77,37.0,4,1,0
43,122,79,80,69,36.3,3,0,0
62,127,78,83,97,36.8,3,0,1
65,145,90,73,131,35.9,4,0,0
88,141,94,80,111,36.6,3,2,0
51,122,80,62,86,35.2,4,2,0
62,113,78,77,85,35.8,4,0,0
28,145,78,66,127,36.5,1,0,1
76,139,88,76,60,38.1,3,2,1
41,96,64,42,133,35.6,2,0,0
45,119,65,63,60,36.0,2,1,0
55,128,75,102,60,36.8,4,1,0
27,139,81,92,87,37.8,1,0,1
59,141,88,100,181,36.8,5,1,1
72,130,90,101,164,37.1,3,0,0
60,136,96,90,130,36.5,3,1,1
26,126,73,73,117,36.4,5,0,0
53,113,73,64,60,36.7,3,1,0
68,120,78,97,110,36.3,4,1,1
21,125,80,81,86,37.1,4,0,0
36,124,79,117,76,35.7,5,1,0
71,91,58,75,110,37.2,2,2,1
60,118,83,110,89,36.7,2,4,1
62,126,85,78,135,36.6,5,0,0
88,120,68,100,60,35.7,1,0,0
63,121,80,105,108,36.1,4,0,0
67,134,88,65,74,37.4,4,3,1
99,106,68,73,91,36.6,3,1,1
51,96,66,65,116,36.9,4,0,0
41,119,75,62,66,36.2,5,2,0
63,139,87,90,111,36.7,1,0,1
63,155,97,77,98,35.9,4,1,1
46,139,74,81,82,36.8,4,1,0
36,99,61,88,89,36.9,3,1,0
97,121,71,52,100,36.9,5,2,0
61,130,73,99,78,36.2,3,0,0
42,128,88,75,105,36.5,2,1,1
71,135,87,88,95,37.0,5,1,0
53,108,67,89,84,36.6,5,0,0
50,126,75,101,161,36.5,2,3,1
65,133,84,78,120,37.8,4,2,0
32,140,93,48,92,36.1,2,3,0
61,110,63,81,110,37.3,1,2,0
89,119,74,83,69,36.0,3,0,0
63,80,55,64,90,37.1,5,1,0
48,114,59,82,94,37.1,2,1,1
46,116,72,75,61,36.4,2,0,0
48,107,64,60,119,36.0,4,1,0
50,128,79,90,87,35.5,3,0,0
48,124,74,72,93,36.3,2,0,0
71,84,53,74,85,37.0,2,2,0
24,129,92,73,209,36.1,4,0,1
71,108,65,99,82,36.8,4,1,0
48,134,85,79,60,35.8,4,2,0
62,102,75,81,60,36.6,2,1,0
35,126,75,73,132,36.0,3,0,0
79,120,85,87,152,36.7,4,1,1
77,130,81,100,81,36.4,3,2,0
72,127,89,90,150,36.0,2,3,1
28,120,79,90,131,36.3,3,0,1
70,97,62,89,98,36.1,3,0,0
62,98,60,59,96,35.9,2,1,0
26,114,67,67,111,37.3,5,0,0
55,125,78,77,136,36.5,3,2,1
62,114,76,69,119,35.4,4,2,0
65,136,84,64,81,36.3,2,2,0
58,120,73,52,99,37.2,4,4,0
60,108,65,60,174,36.2,3,1,0
82,120,80,76,114,37.6,5,3,1
77,129,87,79,135,36.2,3,1,0
3,131,77,68,124,37.0,4,0,0
49,159,95,81,115,37.3,3,2,1
52,113,72,73,109,37.0,3,2,0
23,124,86,96,136,35.9,5,4,0
57,133,89,78,130,36.1,4,0,0
77,125,70,90,114,37.4,4,0,1
35,116,70,83,81,36.2,5,2,0
61,97,55,59,118,37.3,5,0,0
39,116,70,79,103,36.4,2,1,0
43,106,75,61,94,36.8,2,1,0
82,94,50,78,199,35.9,3,0,1
45,111,59,69,60,36.3,5,0,0
63,106,61,86,139,36.2,3,2,0
21,136,86,60,75,36.8,3,0,0
89,136,88,80,110,36.8,3,2,1
66,109,70,89,195,37.0,1,2,0
52,120,81,94,71,36.4,2,1,0
65,92,50,69,80,36.1,2,1,0
30,116,79,80,104,36.8,1,0,0
76,132,80,83,75,36.1,4,2,0
49,140,91,103,136,37.3,3,0,1
51,112,61,58,86,36.6,2,0,0
46,144,89,66,128,36.5,3,3,1
45,98,62,122,60,37.0,3,0,0
68,103,71,76,60,36.7,3,0,0
60,138,76,52,97,35.7,3,4,1
67,155,96,71,60,36.1,1,0,0
55,134,77,40,158,37.3,4,0,1
64,124,80,84,60,36.8,2,1,1
47,85,57,92,69,35.7,2,2,0
95,89,63,66,119,36.9,2,3,1
27,127,76,73,84,36.4,3,2,0
78,119,79,94,60,36.2,2,4,1
80,105,73,54,176,36.0,3,0,0
40,126,68,60,70,37.3,2,1,1
95,127,82,77,98,35.5,1,0,1
73,142,94,69,98,36.2,5,3,0
72,127,77,76,130,36.8,3,3,1
56,147,84,61,121,37.6,2,0,0
51,125,83,83,76,37.0,3,2,0
51,123,69,78,94,36.2,2,1,0
62,144,88,88,97,37.6,4,0,0
80,107,66,83,131,35.9,1,1,0
58,176,113,83,64,36.9,3,4,0
39,132,78,58,176,37.0,5,0,0
70,132,78,87,78,36.2,2,0,0
72,134,84,75,105,37.1,2,4,1
67,159,105,78,64,36.4,4,1,1
68,139,100,96,60,37.1,5,1,0
50,96,50,69,74,35.6,3,2,0
38,150,95,100,71,36.9,4,1,0
39,119,67,102,91,36.5,2,0,0
26,127,85,91,71,37.4,4,0,1
59,102,58,65,129,36.7,3,2,1
53,134,79,47,78,37.4,4,1,0
47,113,67,96,74,37.0,2,2,0
2,127,78,82,91,36.6,3,3,0
33,120,76,69,140,37.2,2,0,0
75,160,102,98,113,37.2,4,3,1
43,161,100,67,102,37.0,4,2,0
61,126,70,74,60,35.3,4,3,0
30,126,82,88,65,36.1,5,0,0
81,118,73,63,60,37.5,3,0,1
52,145,97,78,151,35.9,4,2,1
60,119,70,96,124,37.2,1,3,1
97,117,63,83,75,37.1,5,4,0
82,143,88,99,85,36.3,4,1,0
49,115,79,97,76,35.5,3,1,0
44,124,78,80,74,36.4,3,0,0
49,97,59,45,121,37.9,4,2,0
64,138,80,63,95,36.2,4,2,0
53,160,110,91,178,36.2,4,2,1
48,138,79,57,149,36.1,3,0,0
81,151,89,75,151,37.4,3,4,1
53,110,72,85,128,36.6,5,0,0
96,129,69,102,90,36.3,4,1,1
57,108,75,71,126,37.5,3,1,0
87,121,79,70,93,37.0,3,1,1
61,139,92,79,162,36.1,4,2,0
72,127,82,85,119,36.0,4,1,0
42,100,61,78,114,37.4,3,0,0
40,101,56,96,109,36.7,5,0,0
63,100,61,68,166,35.8,5,1,1
73,134,77,82,60,35.6,3,2,0
56,162,103,87,169,36.0,2,1,1
32,150,98,74,98,36.0,3,1,0
31,91,65,93,60,35.5,4,0,0
29,151,96,82,79,36.0,3,2,0
23,142,94,92,60,36.1,5,1,0
57,97,58,83,128,36.4,2,1,0
75,120,72,86,69,37.7,3,1,0
55,145,93,71,111,36.5,5,0,0
14,135,81,71,145,36.6,5,0,0
52,101,64,98,81,37.0,3,0,0
52,136,78,90,96,36.6,2,2,1
93,87,50,65,60,36.9,3,0,0
29,121,79,83,91,36.9,3,0,0
48,145,95,44,195,36.8,3,4,0
86,125,72,71,132,38.4,3,1,0
63,116,76,94,96,37.2,3,1,1
65,141,84,78,84,36.1,4,1,1
57,143,89,82,104,36.9,4,0,0
61,149,101,40,110,36.2,4,0,0
69,141,92,74,90,37.0,3,3,1
40,144,94,85,124,35.9,3,1,0
71,138,97,87,72,36.0,3,2,1
30,130,76,94,71,36.9,5,4,0
61,127,73,77,118,37.3,3,0,0
58,121,71,78,64,37.0,4,2,0
44,103,62,60,131,37.2,3,0,0
55,108,53,77,105,36.9,5,1,0
44,120,73,61,60,36.8,3,2,0
36,129,77,52,109,36.4,3,0,0
49,151,98,64,60,37.2,4,4,0
35,124,79,103,129,37.3,2,1,0
61,143,85,76,96,36.7,3,1,0
34,144,93,83,170,36.6,3,0,0
68,121,79,72,142,37.7,5,1,0
34,136,80,53,68,36.7,4,1,0
45,121,72,94,60,36.7,1,0,0
44,149,79,47,79,37.0,4,1,0
79,136,78,72,62,36.6,4,0,0
61,104,60,79,169,36.2,3,4,0
51,128,80,83,105,36.9,2,0,1
64,155,90,69,138,36.7,2,1,0
17,122,73,52,95,37.8,4,2,0
54,133,75,68,99,37.2,3,2,0
91,135,85,69,104,36.3,5,3,1
57,106,68,68,144,37.1,3,3,1
56,134,85,95,116,36.9,4,0,0
65,100,62,62,68,37.5,2,1,0
71,114,61,85,162,36.4,4,2,0
19,144,86,82,95,36.8,1,0,1
25,131,79,94,89,36.6,3,2,1
59,120,72,78,60,36.7,2,0,0
42,133,83,92,127,36.2,4,3,0
79,124,85,77,109,37.0,3,2,0
49,125,82,87,108,37.0,4,1,0
20,137,79,57,91,37.5,2,1,1
32,112,74,40,85,36.7,3,4,0
6,126,82,86,92,36.5,3,2,0
51,119,69,86,121,37.2,1,2,0
52,96,65,87,127,36.2,1,2,0
47,108,66,72,97,37.4,3,0,0
74,153,86,102,138,37.3,4,0,0
77,132,85,73,102,37.5,5,0,0
52,101,64,86,87,36.9,2,2,0
17,97,59,89,112,36.4,4,1,0
66,123,76,106,60,36.8,4,0,0
65,153,91,75,113,36.9,4,4,1
61,122,79,70,60,36.4,3,0,0
73,149,92,58,69,37.5,5,2,1
34,131,82,103,60,37.0,3,1,1
91,133,85,86,99,36.2,4,1,0
38,101,56,87,161,37.8,3,0,0
68,142,83,127,101,36.8,4,2,1
25,119,61,85,128,36.0,5,2,0
38,141,91,60,187,36.2,5,0,0
82,110,61,77,119,37.6,3,1,1
50,128,80,65,78,37.8,4,1,0
70,131,83,74,83,37.3,2,1,1
59,122,79,74,105,37.5,4,1,0
53,132,75,71,83,37.4,3,1,0
80,120,74,59,85,37.0,4,3,1
51,113,80,104,139,36.9,3,2,1
23,154,106,84,141,37.0,1,0,1
41,144,95,77,60,37.1,2,2,0
65,111,71,91,76,36.3,1,0,0
62,135,78,87,89,37.1,3,3,0
27,112,74,84,126,37.6,4,1,0
42,104,64,90,145,36.6,4,0,0
45,144,93,82,200,36.5,4,2,0
48,94,54,90,89,37.0,4,0,0
30,142,87,91,90,36.3,3,3,0
44,120,75,82,126,35.9,3,3,0
42,121,76,77,81,37.4,3,2,0
69,132,85,103,100,36.4,2,1,1
70,135,80,73,90,36.7,3,1,0
52,110,60,86,60,36.3,4,1,0
48,138,95,86,109,37.5,4,0,0
58,127,94,71,99,37.2,4,3,0
40,102,66,68,149,36.6,2,0,0
34,122,68,75,105,36.0,4,0,0
38,150,88,73,61,36.5,2,0,0
44,155,99,58,96,37.0,5,4,0
34,138,94,70,60,36.8,2,3,1
58,104,57,84,63,36.8,3,0,0
68,134,82,99,127,36.8,3,0,0
26,140,88,88,96,37.2,3,2,1
55,138,91,41,137,36.7,3,1,0
51,139,84,90,60,37.0,2,4,1
61,132,72,72,97,36.1,3,3,0
55,124,81,87,88,38.2,5,2,1
29,114,77,80,138,36.5,3,0,0
32,91,56,77,129,36.8,3,2,1
56,131,84,78,127,37.0,5,4,0
74,128,77,80,159,36.5,3,1,1
15,135,79,100,92,36.7,4,3,0
61,101,69,80,152,36.7,3,1,1
76,137,87,96,68,36.2,3,4,0
52,162,103,94,67,37.0,2,2,0
65,126,87,90,131,35.7,2,0,0
42,124,71,53,60,37.8,4,1,0
53,131,78,97,125,37.2,4,0,0
26,162,101,73,109,37.1,2,1,1
13,107,63,91,143,35.7,5,3,0
72,129,85,65,103,36.2,3,0,0
37,111,68,62,107,37.5,3,4,0
47,115,65,110,123,39.2,5,0,0
30,124,77,66,82,37.4,5,2,0
30,149,93,97,80,37.3,3,4,1
52,157,103,82,122,37.0,3,2,1
42,133,85,74,104,36.2,2,3,0
62,118,76,79,91,37.3,3,4,0
63,170,107,60,102,36.0,4,1,0
61,117,71,80,161,36.0,3,2,1
59,115,67,64,89,35.9,4,0,0
83,93,59,74,88,37.3,2,1,1
36,150,91,94,60,36.7,3,0,0
54,142,98,84,104,36.8,3,2,0
75,169,113,58,128,36.7,3,2,1
78,100,66,93,134,36.0,3,1,0
29,151,96,80,109,36.3,5,3,1
49,126,78,72,138,36.3,5,0,0
79,140,79,91,131,35.9,4,4,1
64,95,58,77,144,36.4,2,0,1
59,151,94,63,139,36.1,5,0,1
51,139,88,108,160,37.0,5,1,0
48,124,80,80,99,37.1,5,0,0
60,137,90,79,60,35.9,3,2,0
50,111,65,74,128,36.5,2,2,0
54,115,67,98,132,37.8,4,2,0
56,117,81,72,160,36.1,3,0,0
43,92,62,57,150,37.0,3,0,0
65,141,85,70,173,36.8,3,0,1
99,146,90,100,127,37.4,3,1,1
23,112,69,92,113,36.9,3,0,1
61,131,81,76,60,36.4,4,0,0
41,120,77,101,116,36.7,4,2,0
65,131,96,91,86,36.7,3,3,1
56,114,72,76,112,36.6,1,2,0
69,109,72,78,107,35.9,5,0,0
76,144,79,85,122,37.4,3,1,1
58,124,74,68,102,37.3,3,0,0
75,161,107,80,138,36.1,3,1,1
13,126,81,85,60,36.5,3,1,1
84,108,50,55,112,36.6,4,3,0
62,147,95,77,147,36.0,1,1,1
74,136,96,75,170,35.6,5,0,0
33,138,74,95,131,36.3,2,1,0
40,146,100,52,164,36.5,5,4,0
58,113,53,74,111,35.8,4,0,0
55,123,82,73,105,36.8,1,2,1
60,122,76,94,124,37.4,3,0,0
75,102,50,79,105,37.2,3,0,0
23,120,77,107,78,36.6,5,3,0
73,149,99,90,87,35.6,4,0,0
55,129,82,74,66,37.1,3,2,0
51,101,66,84,123,36.8,3,0,0
29,97,58,75,105,37.0,5,1,0
64,155,85,93,92,37.9,4,1,1
12,123,80,60,85,36.2,3,3,0
67,113,81,68,123,35.0,3,2,0
28,120,81,87,132,36.1,3,2,0
56,98,50,98,65,37.0,4,1,0
53,151,85,47,60,36.7,3,0,0
76,118,68,101,138,36.0,4,1,0
52,150,83,78,60,35.8,3,1,0
43,126,78,52,124,36.5,3,0,0
46,151,96,40,162,36.0,3,4,1
78,130,72,57,162,37.0,4,0,0
65,140,91,80,131,36.5,3,0,1
48,138,89,79,130,36.3,5,3,0
51,136,81,89,184,36.2,3,1,0
27,131,80,72,60,36.9,4,2,0
62,121,63,63,89,36.7,5,0,0
23,159,97,74,135,36.8,4,1,0
69,109,68,81,93,36.8,3,1,1
57,125,79,83,148,36.7,4,0,0
98,125,80,68,104,36.1,2,2,0
35,132,83,94,110,36.3,1,0,1
53,117,71,71,95,36.5,4,0,0
87,131,83,67,87,37.9,4,0,0
76,122,82,72,86,35.9,1,0,0
42,97,60,96,114,36.4,5,0,0
59,125,79,78,78,36.8,3,2,1
55,105,64,70,138,36.5,5,1,0
60,94,54,94,128,37.3,4,0,1
42,127,82,112,143,36.5,5,1,0
53,134,80,83,65,36.6,4,0,0
26,134,85,99,60,37.2,5,1,0
57,135,84,96,105,37.8,4,3,1
63,90,54,71,206,37.5,2,2,1
51,101,61,80,149,36.6,3,2,1
26,161,97,61,86,36.7,4,0,0
73,106,56,77,120,36.7,2,0,0
62,136,87,71,130,36.8,5,2,0
42,113,71,74,60,36.2,2,1,0
50,126,83,69,153,37.3,5,1,0
28,114,67,76,99,36.8,3,4,0
37,135,95,88,102,36.7,4,0,0
45,127,76,78,106,35.9,5,2,1
77,117,67,52,145,36.7,3,1,0
43,106,60,69,79,35.6,4,0,0
67,130,70,57,60,36.4,2,0,0
45,103,73,84,116,36.4,4,1,0
59,133,91,88,60,36.9,4,0,0
52,172,110,84,94,37.8,3,2,1
71,149,87,68,147,37.0,1,2,1
45,138,96,84,125,37.6,3,1,1
27,123,74,73,141,37.1,2,1,0
30,90,54,63,127,37.4,4,1,0
45,101,71,91,189,37.8,3,1,0
33,148,96,92,84,36.3,5,3,0
62,111,82,94,119,36.2,5,0,0
47,112,71,71,90,37.1,5,4,0
98,122,73,98,138,36.7,3,0,1
24,106,62,73,103,36.8,3,0,0
59,103,53,90,165,36.6,4,2,0
35,124,75,72,86,36.3,4,0,0
46,109,74,77,154,37.7,5,0,0
58,112,73,44,126,36.0,3,0,0
13,111,69,75,104,37.1,1,2,1
59,134,77,81,124,37.0,5,1,0
89,121,76,74,114,35.8,4,0,0
47,122,82,106,117,36.2,2,1,1
60,136,87,63,98,36.3,4,0,0
73,122,77,72,80,37.0,1,4,1
52,120,70,66,93,36.5,3,0,0
45,133,88,72,60,36.6,3,1,0
14,137,66,95,134,35.8,3,1,0
67,122,78,102,62,38.1,2,1,1
53,126,94,69,97,36.7,3,4,0
37,111,60,69,128,37.0,3,0,1
57,110,67,63,134,36.4,2,2,0
44,139,86,100,60,36.3,3,1,0
45,133,80,97,102,37.8,3,2,1
66,133,89,78,121,35.5,4,1,0
31,130,83,59,107,36.9,4,0,0
74,126,79,60,152,36.0,2,0,1
30,138,90,83,76,36.5,1,0,1
43,142,88,88,60,36.3,4,4,1
90,141,106,49,133,36.1,5,2,0
75,123,77,75,86,36.7,5,0,0
57,150,94,104,60,35.2,5,1,0
38,129,70,77,99,36.5,4,2,0
45,136,81,102,148,36.6,5,1,0
56,130,87,90,61,35.9,3,1,1
56,129,72,64,187,37.6,4,2,1
53,112,56,76,76,36.3,5,0,0
54,138,86,78,108,36.6,4,1,1
51,176,117,66,62,36.3,3,0,0
29,118,73,65,106,36.7,3,0,0
46,126,76,103,100,37.5,3,2,0
71,117,61,65,60,38.2,3,2,0
30,116,75,96,204,37.1,4,4,1
52,153,99,73,88,37.4,4,0,1
40,113,59,80,88,37.7,2,2,1
57,116,79,88,139,36.8,4,3,1
48,96,64,71,168,37.6,3,1,0
82,111,76,89,144,37.2,3,4,1
64,94,62,49,63,36.8,3,4,1
31,136,88,87,112,36.9,3,2,0
67,175,112,43,60,35.6,4,4,0
41,118,78,77,137,36.9,4,1,0
45,95,50,93,60,35.8,4,1,0
61,141,78,89,77,35.7,3,3,1
46,112,65,61,105,36.8,4,2,0
71,148,91,62,121,36.0,2,0,0
41,120,77,70,96,36.7,3,0,0
44,114,73,83,158,36.8,3,0,0
43,122,82,50,130,36.8,4,3,1
45,139,93,80,128,36.2,5,0,0
75,121,70,85,62,37.2,3,0,1
66,116,73,76,164,36.6,4,1,0
86,121,70,88,77,37.0,3,0,0
96,102,62,83,166,36.0,3,4,1
36,132,84,72,176,36.6,4,1,0
56,93,50,51,123,37.4,4,0,0
34,117,87,82,141,37.3,5,0,0
41,139,90,66,60,36.2,4,2,0
44,130,77,71,98,36.4,3,1,0
36,136,96,87,144,36.1,5,1,0
36,124,75,101,137,36.3,5,0,0
52,146,91,79,62,35.9,3,3,0
33,142,85,88,95,36.6,1,2,0
70,133,92,58,60,37.1,3,2,0
38,142,87,84,119,36.2,4,1,1
99,139,87,79,60,36.6,5,4,0
47,117,80,98,145,36.6,4,2,1
56,101,66,72,146,37.3,3,1,1
32,133,82,76,88,36.3,1,4,0
86,135,90,96,123,36.4,3,3,1
75,145,105,79,97,36.2,3,2,1
60,108,69,63,113,36.0,2,2,1
31,109,68,118,65,37.0,2,1,1
59,133,83,64,127,36.6,2,1,1
35,124,85,79,60,36.7,2,0,0
81,91,53,85,60,37.5,4,1,0
70,132,80,84,101,37.5,3,1,0
57,92,50,77,98,35.7,3,0,0
11,108,60,77,115,37.1,3,3,0
37,149,89,76,82,36.8,5,0,0
67,158,98,63,171,36.4,4,2,1
77,103,74,112,111,36.9,4,0,0
75,119,77,77,113,35.7,4,0,0
26,126,73,89,112,37.6,4,0,1
60,157,93,75,140,37.0,4,1,1
73,116,80,75,125,36.2,3,1,0
25,116,79,73,120,36.3,3,0,0
55,153,95,57,131,35.7,3,2,0
60,118,71,78,60,36.5,3,1,0
50,138,92,74,60,36.4,3,0,0
22,98,55,98,102,35.9,3,0,0
49,122,78,62,98,37.2,3,0,1
49,95,73,71,125,37.5,3,0,1
52,106,67,67,106,36.7,3,0,0
45,140,82,102,125,36.5,2,2,1
47,124,79,67,61,37.0,3,2,0
54,119,71,88,105,36.7,3,3,1
63,112,61,95,60,36.1,4,2,0
50,121,79,78,119,36.3,3,1,0
48,130,87,59,60,36.5,1,0,1
57,143,87,60,117,36.8,2,0,0
20,80,50,93,60,36.7,3,1,0
64,110,62,61,92,36.8,2,0,0
55,128,78,86,136,35.8,3,0,1
56,123,73,82,113,37.1,3,4,0
72,132,76,86,60,36.7,5,0,0
20,130,92,87,81,38.2,4,0,0
19,120,77,66,60,36.5,1,3,0
60,116,75,65,60,36.9,3,0,0
55,121,80,91,109,38.4,4,1,0
58,146,95,71,125,36.8,3,0,0
47,112,67,40,120,36.7,5,1,1
67,124,79,90,126,36.1,3,4,0
72,128,78,64,105,37.6,2,2,1
64,153,97,87,95,36.0,2,1,0
50,120,76,101,67,37.0,5,0,0
17,142,86,80,90,36.4,5,1,0
69,147,83,95,60,36.6,5,1,0
77,124,78,82,75,35.8,3,0,0
67,121,74,104,108,37.5,4,0,1
39,119,62,64,101,36.5,2,2,0
67,120,77,80,212,36.0,3,3,1
70,140,93,90,60,37.5,4,3,1
83,129,95,77,101,36.4,5,2,1
39,129,78,97,60,36.9,3,1,0
51,105,62,74,91,37.2,3,2,0
68,108,60,111,93,37.0,2,3,0
56,164,103,112,135,35.4,3,0,0
35,122,77,84,89,37.1,1,1,0
62,111,64,88,98,36.6,5,0,0
65,151,93,98,90,36.5,1,4,1
57,130,69,62,60,36.6,4,3,0
59,135,89,60,82,35.7,3,2,0
50,123,72,99,92,36.8,3,0,0
82,119,74,84,108,35.9,3,4,0
39,122,67,77,125,36.5,3,0,1
44,100,59,80,97,36.8,3,0,0
55,123,75,44,96,37.3,4,1,0
71,130,81,77,60,36.2,5,2,0
28,158,101,69,124,37.6,3,3,1
31,127,87,94,81,37.3,3,0,0
18,83,56,95,131,36.4,5,1,0
56,123,82,89,151,36.0,3,1,0
35,174,117,86,98,35.8,5,0,0
48,141,91,58,69,36.9,5,3,0
67,110,68,89,104,36.3,4,0,0
43,136,90,89,117,37.4,3,0,0
59,112,76,99,94,36.3,4,1,0
50,101,67,112,85,36.2,3,2,1
67,119,65,55,125,36.8,3,3,0
64,127,74,74,122,36.3,5,0,0
43,91,55,69,93,36.7,3,0,0
52,104,69,83,60,37.3,4,3,1
74,125,77,80,121,36.8,3,1,0
62,118,80,76,78,36.8,2,1,0
30,132,90,95,113,36.8,4,0,0
67,103,71,63,110,35.7,4,4,0
35,138,93,64,60,36.9,3,2,0
80,104,58,65,108,36.8,4,0,0
73,155,99,75,123,37.2,3,0,0
60,94,55,62,127,37.1,5,0,0
58,105,55,79,109,36.6,4,0,0
51,133,81,78,60,37.3,4,0,0
67,155,104,68,150,36.5,3,0,0
48,131,84,93,119,36.8,3,0,0
59,135,96,79,63,36.5,5,1,0
71,125,79,96,77,37.0,1,1,0
45,107,81,77,113,36.5,3,1,1
44,116,73,80,129,37.7,4,2,0
34,103,64,72,88,37.9,4,0,0
36,102,56,80,134,37.2,5,3,0
22,132,89,91,60,37.6,4,3,0
68,105,62,74,69,35.8,5,4,0
88,131,77,88,60,35.8,3,0,0
81,102,71,68,74,36.5,4,0,0
26,130,88,91,158,36.7,4,1,1
68,116,79,71,177,36.6,4,0,0
81,150,91,93,113,35.7,2,0,1
47,131,81,81,83,37.4,3,0,0
57,147,91,103,97,38.0,3,1,0
19,111,74,63,122,37.5,4,2,0
60,126,87,58,60,37.4,3,0,0
36,107,69,71,85,36.8,4,3,0
59,118,85,59,155,36.2,4,2,0
27,120,80,59,68,36.7,3,0,0
65,112,68,89,79,38.0,4,1,1
73,103,69,80,105,36.5,3,0,0
41,100,72,73,115,36.4,2,3,0
35,83,63,74,83,37.4,3,2,0
16,106,73,71,108,37.4,3,2,0
50,136,84,105,126,36.2,4,2,0
45,96,58,69,174,36.5,3,0,0
27,100,65,60,101,36.4,2,3,0
63,157,107,92,104,36.7,3,3,0
47,114,73,77,158,37.4,4,2,1
36,131,84,111,86,36.2,3,1,0
45,137,85,72,60,37.4,3,0,0
74,137,83,93,114,36.8,5,0,0
66,98,60,96,143,38.1,2,0,0
53,121,76,72,118,36.9,3,1,0
66,96,70,69,102,36.6,3,2,1
34,169,103,91,60,37.0,4,3,1
56,96,60,89,103,36.5,4,0,0
58,106,61,59,148,35.6,1,0,1
47,106,70,63,62,36.6,4,0,0
63,98,69,42,96,36.5,4,4,0
41,149,102,89,91,35.7,5,2,0
64,169,106,76,81,36.7,5,1,0
65,116,75,78,114,35.5,4,1,0
2,101,62,55,121,36.5,2,1,1
76,85,56,64,120,36.8,3,0,0
1,121,77,73,71,36.8,5,0,0
44,119,74,70,60,36.5,3,0,0
73,113,71,82,114,36.6,3,0,1
49,129,83,89,87,36.2,5,1,0
29,132,80,114,169,36.7,5,0,0
35,131,80,80,171,36.7,4,2,1
73,119,84,97,175,36.2,5,1,1
20,105,81,68,72,36.9,2,1,0
75,137,78,55,125,36.9,4,4,0
54,125,70,75,135,36.6,5,0,0
34,141,82,56,132,38.2,1,1,1
45,139,86,80,93,36.6,2,0,0
37,99,67,68,150,36.5,4,2,1
71,99,65,51,105,36.4,3,1,0
68,111,70,106,109,36.1,2,0,0
24,106,69,72,60,37.1,3,0,0
48,139,82,55,128,36.3,3,2,1
39,131,80,93,96,36.4,3,2,1
78,145,90,69,121,36.4,5,2,0
31,132,72,96,113,36.1,4,1,0
84,129,73,69,111,35.6,4,1,0
54,147,84,72,103,36.4,1,1,1
34,133,87,85,133,37.2,3,0,1
43,126,80,89,98,36.8,3,1,0
41,152,98,92,60,37.6,5,1,0
32,127,68,79,125,37.2,5,2,0
57,120,65,88,77,37.0,3,1,0
33,110,72,91,60,37.8,5,1,0
16,138,69,83,69,36.6,1,4,0
48,147,98,78,115,36.7,3,3,1
23,124,66,58,102,36.7,4,0,0
41,149,97,89,60,37.6,3,3,0
39,90,50,81,92,36.7,5,0,0
39,124,83,74,146,36.3,2,3,1
91,124,96,99,89,37.1,4,0,0
56,112,56,59,99,36.2,2,1,0
59,168,108,105,142,37.0,2,4,1
23,124,66,80,133,36.9,3,0,1
43,118,76,85,141,36.6,5,2,1
59,125,76,74,60,37.0,3,1,0
37,89,56,55,166,35.8,4,0,0
71,111,63,78,127,36.8,1,4,0
33,143,93,85,191,36.4,1,1,0
50,114,62,90,78,38.4,1,3,1
44,110,76,77,60,36.8,4,3,0
58,149,90,47,105,36.3,2,0,0
43,149,84,57,95,35.9,3,0,0
50,134,93,111,128,37.5,4,0,0
51,117,72,64,143,36.5,3,1,0
42,121,86,101,102,36.2,3,0,0
64,111,76,66,97,36.9,1,1,0
59,107,62,77,123,37.1,3,2,1
53,106,65,89,96,37.1,4,0,0
47,114,71,68,93,36.7,2,2,0
69,106,75,104,141,36.8,4,1,1
51,97,63,81,149,36.8,1,0,1
49,129,81,87,143,36.9,5,0,1
57,129,79,76,99,37.0,5,0,0
86,156,96,90,60,37.4,1,1,0
31,113,78,104,100,36.7,3,0,0
69,130,81,78,78,36.2,3,2,0
21,131,79,106,100,36.6,4,2,0
59,120,71,71,82,37.2,3,0,0
83,138,82,91,104,35.6,4,3,1
64,139,78,87,69,35.6,2,4,1
58,131,77,64,60,37.3,1,0,0
45,120,83,83,148,37.6,4,4,1
56,119,73,80,71,35.9,4,0,0
50,100,66,67,105,36.8,4,2,0
41,110,53,85,138,36.5,4,0,0
50,114,74,82,137,36.5,4,2,1
59,105,64,79,133,36.9,3,2,0
41,133,80,79,116,35.9,5,4,0
40,147,92,79,130,36.0,4,4,1
31,109,65,74,153,36.5,5,0,0
62,130,68,82,120,36.6,5,2,0
65,106,71,70,60,36.0,3,0,0
59,120,76,120,87,37.2,4,0,0
72,113,68,59,129,36.4,4,0,0
57,136,79,71,83,36.4,2,3,1
62,113,61,72,162,36.9,4,2,1
60,143,90,111,103,36.6,3,0,1
53,121,85,60,108,37.2,3,4,1
45,113,71,86,144,36.1,2,2,1
95,102,55,84,99,35.9,4,0,0
